,comment,label
0,How many NBA fans have been tested? ....    that's what i thought,-1
1,"I am genuinely concerned in regards to an event taking place in Philadelphia this weekend that could cause a larger outbreak in the area. The event goes by the name of Erin Express. Long story short, every St. Patrick's day weekend they provide buses for patrons of a bar crawl (which number in the thousands) and travel them throughout the city to partake in the festivities. Even though every major gathering has been cancelled they are doubling down on their efforts. I have reached out to the mayor and have yet to receive any response. What can I do to cancel this event?

The mayors name is Mr. James Kenny, if you could please e-mail him asking for this request it would go a long way. james.kenney@phila.gov

I have no where else to turn but here. Please help me In Contacting the mayor to cancel this event.

Edit: For anyone saying they can not refund money... this event is FREE for all patrons and NO BARS charge a cover.",1
2,"This week I learned that in real life, people would be like: 

‚ÄúZombies? PLEASE. They‚Äôre just HUNGRY! Stop overreacting. 

Hey, look at the price on this cruise!‚Äù",1
3,Cuomo is the only one who gets this as far as state officials are concerned. The rest are either shitting their pants behind the scenes but putting on a brave face or they‚Äôve bought the Trump version of the story.,1
4,"Taiwan also rolled out a phone app/website at around Feb 6th which shows how much masks are left in pharmacies all over the island.  https://i.imgur.com/YMruWhK.jpg  mask sales are currently government controlled, each person is restricted to 3 masks per week, purchased with your National Health Insurance ID card, mask price is 16 cents each.",-1
5,Most state labs can‚Äôt process the number of kits it would take to test an entire team in one day!,-1
6,"The prime minister of The Netherlands just decided not to close schools because children don't have a great risk of having the coronavirus, and the impact on our society would be too big. My question is, won't there still be a big risk by keeping the schools open? Children can still catch and spread the vrius onto other people, and the fatality rate might be low on children, but with many children catching the virus the fatalities can still run very high. What are your views on this? Am I overreacting or simply wrong by assuming that keeping the schools open will induce a great risk of the coronavirus spreading faster?",-1
7,"Buckle up guys, we‚Äôre in for a ride",-1
8,"So he lied to the American people *again*? 

I'm shocked.",-1
9,So americans need treatment related to Con-vid 19 you have to pay for it?,-1
10,"Do you know the true range of symptoms? 

Like I know it ranges from asymptomatic-mild- ‚Äúmild‚Äù (pnemonia)-dying, but is there anyway you can expand on upon the symptoms people face at each stage?",1
11,"I wonder what kind of value the elderly are given in Taiwanese culture. It's almost as if they don:t want *anyone* to die. Different priorities there, it seems.",-1
12,r/suddenlyitalian,-1
13,"Sure he can't even read from a teleprompter without fucking up. As seen last night. Of course he'd get that discussion wrong.

Another perfect example he doesnt understand, listen or have a grasp about anything. 

That conversation was probably the first time he ever heard the word ""**copayments**""",1
14,There was some data out of China identifying a possible link between hypertension and fatalities. There was speculation that ACE inhibitors negatively affect the body's response. I have genetic high blood pressure and take an ACE inhibitor. There are many millions around the world in the same situation. Has any additional data come out about this?,-1
15,"Oh this is heartbreaking. Reminds me of The Notebook, or something similar ‚Äî I'd like to die with my love... But these poor people. I hope they were very much in love and had a happy life together.",1
16,[removed],-1
17,"Btw, toilet paper rush is not a thing in Italy. Only a relatively small city had a minor problem with that. Additionaly, so far we‚Äôre not experiencing any kind of shopping related shortage whatsoever. 

Source: I‚Äôm italian",-1
18,"Additional actions by Taiwan include:

* The Central Epidemic Command Center activated on Jan. 20

* Government allocates masks to hospitals and retailers and sets price limit on Jan. 22

* Widespread testing for COVID-19 initiated Jan. 24

* Electronic monitoring of all quarantined individuals by officially issued cell phones on Jan. 29

* Soldiers mobilized on Feb. 2 to man 60 new mask production lines producing 10 million masks a day. Mask prices drop to 20 cents

* Government facilities opened to quarantine patients Feb. 2

* Subsidies for businesses affected by COVID-19 started on Feb. 13

* Travelers with fever or respiratory symptoms are tested beginning Feb. 16

* Strict cleaning standards enacted for public transit, Feb. 19

* Financial assistance for workers furloughed because of COVID-19 begun Feb. 21",-1
19,I hope this message keeps getting spread because it‚Äôs just criminal that we don‚Äôt have more tests.,-1
20," 

I do live in italy, we are now shut down by the government.

No one is allowed to go outside unless it is for serious work or health reasons.

my dad is a nurse and they really have too choose whom to save and whom to let die.

People are in panic and supermarkets are empty of food.

All the public places are closed, so no parks, gyms, offices, bars and even schools are open. outside the few people you find are afraid of standing near eachother and not even between family we stay phisically closed.

An entire nation is spending but not earning since a week ago, and it will be so till 5th of April atleast.

Life is weird and it feels very weird and scary living in this situation. I'll keep you posted.

Matteo, a 18 year old kid from Livorno, Italy.

I am also keeping a video diary on this channel. if you want to know more take a look.

[https://www.youtube.com/watch?v=TXOKJNVjnD8&t=1s](https://www.youtube.com/watch?v=TXOKJNVjnD8&t=1s)",-1
21,"Is anyone else not really paying attention at work now? This whole situation just kinda makes it feel unimportant. Probably would be better if I could actually start working from home, though.",-1
22,[deleted],-1
23,"America loves it's vets.

/s

As a veteran this shit pisses me the fuck off.",-1
24,"Super sad, but also that's how I'd like to go (not by coronavirus, but with my husband). 60 years together and dying together.",1
25,Did he say anything that was not later changed? It was a written speech how could the policy not be accurate.,-1
26,"If they canceled the St. Patrick's Day parades in goddamn Ireland, Philly needs to get serious.",-1
27,they know a thing or two about people getting screwed. Very nice of them!,-1
28,"They clearly have drawn the right lessons from the SARS outbreak, where they were the third most-affected country both in deaths and cases.

The thing is: will Europe and the US learn from this? I have my doubts. Maybe they will stock a few more masks and put some other smaller measures into place. But when the next pandemic hits, I would not be surprised if Europe and the US have not learned as much from this as Taiwan did from SARS.",-1
29,Are these private tests? Are corporations allowed to procure them for their employees or do they have to go though public health departments like average joe?,1
30,"Jokes on them, im not paying any bill no matter what.",-1
31,"he can say what sounds good.

Just remember: ""On day one of the Trump Administration, we will ask Congress to immediately deliver a full repeal of Obamacare.""",1
32,"Sigh. 
I stocked up on food months ago. But now I'm out of like, normal stuff like crackers and salt. 

Back to the store for the LAST time for awhile.",1
33,"This is like that scene from titanic when the old couple are laying in bed as the water rises..

Gentlemen, it has been a privilege.",1
34,Global pandemic? Just coom away all your fears!,-1
35,"Taiwan did a really good job, even without the help from other countries nor the WHO.",1
36,I'm with you. That's just plain negligence.,-1
37,üò¢,-1
38,"Hi. Thank you for doing this. 

Why do you think many countries are not implementing a wide lockdown or quarantining people from various infected countries? Is this a relations matter? Or do they not realize how incredibly dangerous it is? I just don't understand their perspective on this.",-1
39,Sounds like when we were all saying take China's numbers and multiply it by 10. Funny that it's come full circle,1
40,">  ...going to be shocking to people.

Not to Redditors here who have been paying attention and can think for themselves. Just sayin'...",-1
41,Tends to happen when it's rich people vs poor people.,-1
42,"Oregonian here.

My husband is a retail pharmacist and started feeling ill last night with flu-like symptoms.

We called our local public health department and an urgent care that was still open to see what they recommended.

Here's what we were told about getting COVID-19 tested since tests are in such short supply:

1)  To be considered for the test, you must be having severe/critical possibly life-threatening flu-like symptoms.

And that if you were having such symptoms, you would need to go straight to the ER.

That itself is a $500 or more bill...and that isn't even testing yet.

2)  You must have been around someone confirmed to have COVID-19 or traveled out of the country.

3)  They will likely want to test you for the flu first and that test was done at an urgent care last night for a visit totalling $75.

#How are we encouraging testing and protecting people financially when they will likely have to pay $75 for an urgent care visit or $500+ for an ER visit?",1
43,"I've been in Taipei since before the first cases were identified. The Taiwanese government moved very, very fast on this, before there was even a name for the ""mystery flu"" that might be related to SARS. When China told the world ""We're confident that human to human transmission is impossible"", and the WHO chided Taiwan for enacting early travel restrictions.

School closures happened almost immediately, as well as subsidies for affected businesses, temperature checks in public places, and screenings at airports. People who did not report symptoms voluntarily were fined $10,000, and quarantines were set up for those entering the country with any symptoms, until they could be tested.

Taiwan also developed their own test kits domestically, and quickly developed a set of treatment protocols based on early reports of success in halting symptoms with antivirals. (It also helps that everyone has public access to health care and isn't afraid of being bankrupted by a hospital visit).

The Taxi driver who passed away in Taiwan was the fifth person outside China to die from the virus. He was slow to report his symptoms because there had not yet been a case of local transmission in Taiwan, and he drove an unlicensed taxi that catered toward mostly Chinese tourists. He also had pre-existing health conditions which may have hastened the onset of his more severe symptoms.

When he and his wife tested positive, the government gathered a list of everyone they had come in to contact with, who were notified and tested.

When Diamond Princess cruise ship passengers were identified in February as testing positive for Coronavirus, the Taiwanese government created a tracking map of all of the places cruise ship passengers frequently visit in Taipei and the surrounding areas, along with a timeline of the 8 hour period Diamond Princess cruise ship passengers had visited Taipei, on January 31st. They then sent out mass cell phone notifications through the entire region to share the maps, timelines, and instructions for those who visited affected areas and should be tested.

In early January, Taiwan proactively banned the export of surgical masks, to prevent supplies from running out. Government officials instituted immediate limitations on the purchase of masks, and created a registration / rationing system, before shortages occurred. Only designated retailers could sell masks, at a cost of 15¬¢ each. Additionally, they imported 60 machines to increase government-funded production of masks, and have recently increased output by an additional 10 million masks per day.

It's amazing how proactive and fast the government response has been. It should be held up as a model for countries not yet affected by the Coronavirus.",1
44,"I‚Äôll send an email expressing my concern. It will be most effective from is constituents though, saying that if measures aren‚Äôt taken to protect our people then I will turn my support towards a candidate who will.",1
45,"There have been reports of people testing positive after previously being declared recovered from COVID-19. What are the most likely reasons for this? Are we seeing reinfection, false negatives, or some kind of relapse like with chicken pox and shingles?",1
46,"Lori Lightfoot is not fucking around. She may get pushed out because of speaking up, but damned if I don't respect her for calling out the CDC and the white house on this bullshit.",-1
47,"""The Gang Gets Quarantined 2: Electric Boogaloo""",-1
48,"Dude, if NYC can find it in them to cancel the parade, Philly has zero excuses to let this continue.",-1
49,I like our new mayor. Straight shooter.,1
50,They fucked it up in 1918 too,-1
51,"What would your best response be to those that are saying ""It's just a flu""?",1
52,What measures do you expect governments to take in large US metropolitan areas over the coming days?,-1
53,kind of a reckless move during a toilet paper shortage,-1
54,"People are all up and in arms about them getting tested, but these players have been in contact daily with known infected people. They absolutely should be getting tested. Be mad at the government's poor handling, not NBA players for what they have no choice in.",-1
55,Tests that you will not be able to obtain.,-1
56,"States and local municipalities are the first tier of responsibility.  The Federal government is the second line of defense.
  
We operate in a Federal system.  Pointing fingers in the middle of a crisis helps no one.
  
Open your own testing centers.  Test as many as you can.  Work with your State and other municipalities.
  
Waiting around with your hand out and a sad face is not leadership.",-1
57,Fuck rich corporate assholes hoarding the resources the people need.,-1
58,"My grandparents will be married 60 years this spring. I'm very worried about them, they're in the UK.",-1
59,So refreshing. This guy gets it. Wouldn‚Äôt it be amazing if our president had half of Gov. Cuomo‚Äôs ability to address this.,1
60,An Italian in r/coronavirus_italia actually wrote to them the other day asking this on messenger,-1
61,"Now you know why people are stocking up their toilet paper. They saw this coming miles away!

Edit: thanks for the award guys!
Based on the comment, better stock up some lotion before it's too late!",1
62,Is this big announcement Boris will give later this day?,-1
63,The amateur section is going to blow up,-1
64,That extra comma gave me coronavirus.,-1
65,"A bit of good news. I'm a UK doctor that had been in quarantine since Monday due to developing symptoms after contact with confirmed case. 

Thankfully my swab result is negative and I can return to frontline work as long as I remain asymptomatic tomorrow and if not then Monday! (14 days since contact is complete today). 

Our already strained staffing levels have taken an early hit . Although I am apprehensive about what lies ahead I feel a overwhelming sense of duty to protect the most vulnerable in my community.",-1
66,That's so sad üòî People going on about the low death rate and how it only affects elderly people should consider that people like the surviving son will likely read everything they're saying.,-1
67,"The question is, WHEN the U.S. is going to start mass testing like other countries, I mean Korea 15k a day, Italy 12k a day, Germany 10k a day, and the U.S. with 5/10 times the population only 500-1000 maybe? We have no real idea of what's going on right now in america, that's the only truth!",1
68,"I agree we need more testing.  We are driving down a dark and dangerous road with our lights off.  

But state and local leaders can do things even before the lights are on!  If you know the road is dangerous,  Italy is yelling ""don't go this way!"" And you don't have your lights on to navigate, stop the car.  Slam on the brakes now.  Then get your lights fixed and consider how fast to go.

State and local governments, corporations, neighbors - testing has been horrible.  Our lights are off.  Please do what you can to slow the bus.  Italy has told us what lies ahead if we do not.  We should get our testing up, but we do not need to in order to take action now!",-1
69,Sorting by new in this subreddit literally reads just like Plague Inc.,1
70,That's just hearbreaking.,-1
71," I do live in italy, we are now shut down by the government.

No one is allowed to go outside unless it is for serious work or health reasons.

my dad is a nurse and they really have too choose whom to save and whom to let die.

People are in panic and supermarkets are empty of food.

All the public places are closed, so no parks, gyms, offices, bars and even schools are open. outside the few people you find are afraid of standing near eachother and not even between family we stay phisically closed.

An entire nation is spending but not earning since a week ago, and it will be so till 5th of April atleast.

Life is weird and it feels very weird and scary living in this situation. I'll keep you posted.

Matteo, a 18 year old kid from Livorno, Italy.

I am also keeping a video diary on this channel. if you want to know more take a look.

 [https://www.youtube.com/watch?v=TXOKJNVjnD8&t=1s](https://www.youtube.com/watch?v=TXOKJNVjnD8&t=1s)",-1
72,How does Trump recover from this bungling of the Coronavirus response? Jesus.,-1
73,"I'm particularly worried about ***Virus Mutation***

How likely is the Coronavirus to mutate, and at what rate? Is it a mutation that restricts the possibility of a one-time vaccine? Is there a possibility that the virus may very well become a seasonal pandemic that mimics the seasonal cycle of the flu? 

*Kindly explain this issue as it is a cause for concern for many of us.*",-1
74,"Lancaster city, an hour away from philly, is going to do their 6,000 people anime and sci fi convention on 3/20-22. They refuse to cancel it because of ""economic"" reasons.

 I feel like I'm the only one worried it ll cause a massive outbreak here. People are still going and think it's just another day. -_-",-1
75,**This AMA guest will begin answering questions at 12pm EST. Please refrain from answering questions if you are not an expert. Thank you.**,-1
76,Won't someone think of the millionaires?!,-1
77,Reminds me of a Star Trek √©pisode for self culling of the masses.,-1
78,Glad to hear - commuter who still has to go to work everyday,1
79,Taiwan number 1?,-1
80,"https://youtu.be/HMgFtgvhggM

Health officials testifying now.",-1
81,"&#x200B;

I am a 29 yrs old in Bologna.

Cannot leave the house for anything but basic necessities which include basically exclusively buying food at the closest supermarket ( where they form a queue to let people in just a few at the time ) . I cannot visit family, or friends. I cannot go to non food shops ( all closed), a bar(all closed) or anywhere at all really. Several councils have also blocked access to public parks . I cannot go to have a walk without being handed a fine of 200 euros. I cannot have people over, nor meet them in any place, public or private.

My job ( live events) is completely in standstill because of the lockdown, and my company and the surrounding industry have been almost definitely harmed beyond repair. I have no stable income because of the lockdown, and cannot see my family, my girlfriend or any of my friends. I share an apartment with two friends (sooo lucky) which means I only have them as company. I am fucking scared. I wonder if I'll have to change career, or if my parents will be alright, and what kind of country will be left for me when this ends, which by all estimates is going to be in a few months. I am not a scientist, but looking at the numbers in wuhan it looks we are still at the base of the exponential, and conditions will worsen sensibly before they get better.

I think this is a momentous time, this is probably going to change the society I live in, and the world. I am not just talking about the economic damage, the cancelled olympics, the cancelled nba season ( I am an nab fan, and so sad to not be able to take advantage of my free time with some games). I am talking about the social effect of taking a world already starved of Real social interactions, and locking it up for months with minimal access to art, love, touch, sex, family, friends. What will this do to us? as I think many in the world are going to face the same fate as me, from China to the US to France and Spain, I would like to start a conversation about where we are, how we are doing, and how to digest this traumatic condition of shock I feel in. I used to organise parties, concerts, and festivals. All of our investments for months to come is lost, the work of years thrown in the toilet and leaving us with nothing but debts. Weeks ago I was partying with friends in Rome, attending concerts, planning a wonderful summer of touring ( I also play in a band, which had the whole tour cancelled) . The financial loss, the damage is incalculable.

I have a condition which requires me to attend the ER through some periods of the year, as it is a seasonal thing. I am scared this will come now, as hospitals might be dangerous and\\or filled to the brim.

I miss people, so if you are in the same place as me, please let me know how you are doing.",1
82,"Welcome to r/Coronavirus! We have a very specific set of [rules](http://www.reddit.com/r/coronavirus/about/rules) here. Here are the highlights:

* **Be civil.** Personal attacks and accusations are not allowed. Repeated offences may lead to a ban. 
* **Avoid off-topic political discussions**. Comments must be related to the ongoing coronavirus outbreak. Comments focused on politicians rather than public policy will be locked/removed at our discretion and repeat offenders may be banned.
* Please use **reliable sources**. Unverified twitter/youtube accounts, facebook pages, or just general unverified personal accounts are not acceptable. 
* **General questions and prepping info** should be kept to the Daily Discussion Thread. 
* No giving or soliciting **medical advice.** This includes verified health/medical professionals.

If you are feeling anxious, depressed, or overwhelmed please see our list of [support resources](https://www.reddit.com/r/Coronavirus/wiki/support)


*I am a bot, and this action was performed automatically. Please [contact the moderators of this subreddit](/message/compose/?to=/r/Coronavirus) if you have any questions or concerns.*",-1
83,"Assuming the best case scenario and we all successfully socially isolate as much as we can, thereby slowing the spread of the virus, how long would it take until it‚Äôs safe to return to normal life?",1
84,"I work in the medical field with mostly older people, and seeing all these comments saying ‚Äùwho cares? Old people never had long left on this planet anyways‚Äù 

‚Äùthey were probably a racist old fuck raised during segregation‚Äù 

‚Äùold people hold us down as society‚Äù absolutely breaks my heart. 

I‚Äôve had some of the best interactions with other people in my entire life talking to these amazing elderly people. Alot of them are absolutely terrified of this virus. It‚Äôs such a Sad situation and I guarantee everyone of you reading this has an elderly family member, teacher, friend even, and I doubt you‚Äôd be making these statements if someone dear to you died from this. 

Not to mention all the physically handicapped elderly people. They cannot even go to the toilet by themselves and are mostly bedridden. 

They are some of the most amazing yet frail members of society, and we should do everything in our power to protect those who cannot fend for themselves.",1
85,I‚Äôm in the US. I asked my boss what precautions we are going to take (I clean rooms after people use them). She basically said we don‚Äôt have anything in place and to not worry. I don‚Äôt t know what to do. I can‚Äôt afford to not work.,1
86,There will be a baby boom in 9 months!,-1
87,Percentage of severe cases is what we really need to know about. I'm hoping it mutates to a weaker strain.,-1
88,"And yet, 58 people were tested in less than 2 hours yesterday at the Jazz game. It's like the test kits are out there but access to them is limited.",-1
89,"The article is from the Journal of the American Medical Association, and it includes a list of over 120 actions Taiwan has taken to stop COVID-19.  Interestingly, Taiwan installed 60 new production lines for masks at the beginning of the epidemic, and can now produce 10 million masks a day, lowering the price for them to 20 cents.

https://cdn.jamanetwork.com/ama/content_public/journal/jama/0/jvp200035supp1_prod.pdf?Expires=2147483647&Signature=bIZCLS7ZLWTJd~U~H40JgiEGdFb3ggVUJpBvJ7KdANK7HgK1zaj4uWHvqweGym1nWfO~nXt9Y5i1vX79pF7zjjqfzmJAy3udTdpVVZQe07xnQIPcBMXLwZ5XjgTO8yKFXVIpxsXhrmOu8sGSpKiEmQ86ZCKfOTar7fMAGmUCtjiYVFwf31K3REWAA-r3hZyoZpqz3QKpVgpsRpF9fV9thQCq0~yvbvRKTH4PcoB~CZgmXH7rpVb6bILXQn5zBCphf6pyLAa4zIebUEKfCdCYdSdi9LeIEUsesqsYpNWgHJcr4K1LC0hFlst0RHQz-vZ7I-OvrX~5jel6zjjtuDQzjQ__&Key-Pair-Id=APKAIE5G5CRDK6RD3PGA",-1
